[
	{
		"name": "Place A",
		"latlong": "-26.0594802, 28.0609437",	
		"rating": "5",		
	},
	{
		"name": "Place B",		
		"latlong": "-26.1045986, 27.90272",
		"rating": "2,4",		
	},
	{
		"name": "Place C",		
		"latlong": "-26.2761961, 27.8666711",
		"rating": "2",		
	},
	{
		"name": "Place D",		
		"latlong": "-26.792252, 28.4546707",
		"rating": "4",		
	},
	{
		"name": "Place E",		
		"latlong": "-28.5134548, 31.0840026",
		"rating": "3",		
	},
	{
		"name": "Place F",		
		"latlong": "-28.5691317, 29.965432",
		"rating": "1",		
	},
	{
		"name": "Place G",		
		"latlong": "-30.0603986, 25.4507278",
		"rating": "2",		
	},
	{
		"name": "Place H",		
		"latlong": "-33.972869, 18.4426821",
		"rating": "4",		
	},	
	{
		"name": "Place I",		
		"latlong": "-33.9618168, 18.4248128",
		"rating": "3",		
	},
	{
		"name": "Place J",		
		"latlong": "-33.6606805,18.4530806",
		"rating": "4",		
	},	
]